{
  "version": 1,
  "author": "Farrel",
  "editor": "wokwi",
  "parts": [
    { "type": "wokwi-breadboard-half", "id": "bb1", "top": 313.8, "left": 185.2, "attrs": {} },
    { "type": "wokwi-arduino-uno", "id": "uno", "top": 0, "left": 0, "attrs": {} },
    { "type": "wokwi-servo", "id": "servo1", "top": -7.05, "left": 308.22, "attrs": {} },
    {
      "type": "wokwi-analog-joystick",
      "id": "joystick1",
      "top": 131.78,
      "left": 302.5,
      "attrs": {}
    },
    {
      "type": "wokwi-led",
      "id": "led1",
      "top": 342,
      "left": 282.2,
      "attrs": { "color": "green" }
    },
    {
      "type": "wokwi-resistor",
      "id": "r1",
      "top": 416.36,
      "left": 278.27,
      "rotate": 90,
      "attrs": { "value": "330" }
    },
    { "type": "wokwi-led", "id": "led2", "top": 342, "left": 330.2, "attrs": { "color": "red" } },
    {
      "type": "wokwi-resistor",
      "id": "r2",
      "top": 417.6,
      "left": 325.85,
      "rotate": 90,
      "attrs": { "value": "330" }
    }
  ],
  "connections": [
    [ "servo1:GND", "uno:GND.2", "black", [ "h-15.71", "v179.76", "h-122.98" ] ],
    [ "joystick1:VCC", "uno:3.3V", "red", [ "v23.65", "h-145.89" ] ],
    [ "joystick1:HORZ", "uno:A0", "cyan", [ "v15.29", "h-146.69" ] ],
    [ "servo1:PWM", "uno:7", "yellow", [ "h-20.73", "v-76.83", "h-98.49" ] ],
    [ "servo1:V+", "bb1:tp.6", "green", [ "h0" ] ],
    [ "uno:5V", "bb1:tp.5", "red", [ "v0" ] ],
    [ "uno:GND.3", "bb1:tn.2", "black", [ "v0" ] ],
    [ "joystick1:GND", "bb1:tn.3", "black", [ "v47.93", "h-132.92" ] ],
    [ "bb1:11b.i", "uno:6", "green", [ "v7.91", "h-159.53" ] ],
    [ "bb1:10t.d", "bb1:tn.4", "black", [ "v-1.72", "h-43.28" ] ],
    [ "r1:1", "bb1:11t.d", "", [ "$bb" ] ],
    [ "r1:2", "bb1:11b.h", "", [ "$bb" ] ],
    [ "led1:A", "bb1:11t.c", "", [ "$bb" ] ],
    [ "led1:C", "bb1:10t.c", "", [ "$bb" ] ],
    [ "r2:1", "bb1:16t.d", "", [ "$bb" ] ],
    [ "r2:2", "bb1:16b.h", "", [ "$bb" ] ],
    [ "led2:A", "bb1:16t.c", "", [ "$bb" ] ],
    [ "led2:C", "bb1:15t.c", "", [ "$bb" ] ],
    [ "bb1:16b.i", "uno:5", "green", [ "v14.79", "h-192.62" ] ],
    [ "bb1:15t.d", "bb1:tn.5", "black", [ "v0" ] ]
  ],
  "dependencies": {}
}